Tip Matrice,Tip alocare,Nr threads,Timp executie
,,1,0.10505
,,2,0.49937
,,1,49.30345
,,2,29.39228
,,4,25.87837
,,8,25.98796
,,16,26.17754
,,1,5.72462
,,2,3.49643
,,4,4.08369
,,8,4.08811
,,16,4.99723
,,1,6.15008
,,2,9.82156
,,4,3.57917
,,2,4.60236
,,8,4.68425
,,16,4.38381
